column,mean,std
person_age,27.76417777777778,6.045108211348458
person_income,80319.05322222222,80422.49863189524
person_emp_exp,5.410333333333333,6.0635320865745586
loan_amnt,9583.157555555556,6314.886690541196
loan_int_rate,11.006605777777779,2.978808280225381
loan_percent_income,0.1397248888888889,0.08721230801404041
cb_person_cred_hist_length,5.8674888888888885,3.87970184516185
credit_score,632.6087555555556,50.43586500074227